<?xml version="1.0" encoding="UTF-8"?>
<root>
	<row>
		<Planet>Mercury</Planet>
		<Color>Grey</Color>
		<Mass>0.33</Mass>
		<Diameter>4879</Diameter>
		<Density>5429</Density>
		<SurfaceGravity>3.7</SurfaceGravity>
		<EscapeVelocity>4.3</EscapeVelocity>
		<RotationPeriod>1407.6</RotationPeriod>
		<LengthofDay>4222.6</LengthofDay>
		<DistancefromSun>57.9</DistancefromSun>
		<Perihelion>46</Perihelion>
		<Aphelion>69.8</Aphelion>
		<OrbitalPeriod>88</OrbitalPeriod>
		<OrbitalVelocity>47.4</OrbitalVelocity>
		<OrbitalInclination>7</OrbitalInclination>
		<OrbitalEccentricity>0.206</OrbitalEccentricity>
		<ObliquitytoOrbit>0.034</ObliquitytoOrbit>
		<MeanTemperature>167</MeanTemperature>
		<SurfacePressure>0</SurfacePressure>
		<NumberofMoons>0</NumberofMoons>
		<RingSystem>No</RingSystem>
	</row>
	<row>
		<Planet>Venus</Planet>
		<Color>Brown and Grey</Color>
		<Mass>4.87</Mass>
		<Diameter>12104</Diameter>
		<Density>5243</Density>
		<SurfaceGravity>8.9</SurfaceGravity>
		<EscapeVelocity>10.4</EscapeVelocity>
		<RotationPeriod>-5832.5</RotationPeriod>
		<LengthofDay>2802</LengthofDay>
		<DistancefromSun>108.2</DistancefromSun>
		<Perihelion>107.5</Perihelion>
		<Aphelion>108.9</Aphelion>
		<OrbitalPeriod>224.7</OrbitalPeriod>
		<OrbitalVelocity>35</OrbitalVelocity>
		<OrbitalInclination>3.4</OrbitalInclination>
		<OrbitalEccentricity>0.007</OrbitalEccentricity>
		<ObliquitytoOrbit>177.4</ObliquitytoOrbit>
		<MeanTemperature>464</MeanTemperature>
		<SurfacePressure>92</SurfacePressure>
		<NumberofMoons>0</NumberofMoons>
		<RingSystem>No</RingSystem>
	</row>
	<row>
		<Planet>Earth</Planet>
		<Color>"Blue, Brown Green and White"</Color>
		<Mass>5.97</Mass>
		<Diameter>12756</Diameter>
		<Density>5514</Density>
		<SurfaceGravity>9.8</SurfaceGravity>
		<EscapeVelocity>11.2</EscapeVelocity>
		<RotationPeriod>23.9</RotationPeriod>
		<LengthofDay>24</LengthofDay>
		<DistancefromSun>149.6</DistancefromSun>
		<Perihelion>147.1</Perihelion>
		<Aphelion>152.1</Aphelion>
		<OrbitalPeriod>365.2</OrbitalPeriod>
		<OrbitalVelocity>29.8</OrbitalVelocity>
		<OrbitalInclination>0</OrbitalInclination>
		<OrbitalEccentricity>0.017</OrbitalEccentricity>
		<ObliquitytoOrbit>23.4</ObliquitytoOrbit>
		<MeanTemperature>15</MeanTemperature>
		<SurfacePressure>1</SurfacePressure>
		<NumberofMoons>1</NumberofMoons>
		<RingSystem>No</RingSystem>
	</row>
	<row>
		<Planet>Mars</Planet>
		<Color>"Red, Brown and Tan"</Color>
		<Mass>0.642</Mass>
		<Diameter>6792</Diameter>
		<Density>3934</Density>
		<SurfaceGravity>3.7</SurfaceGravity>
		<EscapeVelocity>5</EscapeVelocity>
		<RotationPeriod>24.6</RotationPeriod>
		<LengthofDay>24.7</LengthofDay>
		<DistancefromSun>228</DistancefromSun>
		<Perihelion>206.7</Perihelion>
		<Aphelion>249.3</Aphelion>
		<OrbitalPeriod>687</OrbitalPeriod>
		<OrbitalVelocity>24.1</OrbitalVelocity>
		<OrbitalInclination>1.8</OrbitalInclination>
		<OrbitalEccentricity>0.094</OrbitalEccentricity>
		<ObliquitytoOrbit>25.2</ObliquitytoOrbit>
		<MeanTemperature>-65</MeanTemperature>
		<SurfacePressure>0.01</SurfacePressure>
		<NumberofMoons>2</NumberofMoons>
		<RingSystem>No</RingSystem>
	</row>
	<row>
		<Planet>Jupiter</Planet>
		<Color>"Brown, Orange and Tan, with White cloud stripes"</Color>
		<Mass>1898</Mass>
		<Diameter>142984</Diameter>
		<Density>1326</Density>
		<SurfaceGravity>23.1</SurfaceGravity>
		<EscapeVelocity>59.5</EscapeVelocity>
		<RotationPeriod>9.9</RotationPeriod>
		<LengthofDay>9.9</LengthofDay>
		<DistancefromSun>778.5</DistancefromSun>
		<Perihelion>740.6</Perihelion>
		<Aphelion>816.4</Aphelion>
		<OrbitalPeriod>4331</OrbitalPeriod>
		<OrbitalVelocity>13.1</OrbitalVelocity>
		<OrbitalInclination>1.3</OrbitalInclination>
		<OrbitalEccentricity>0.049</OrbitalEccentricity>
		<ObliquitytoOrbit>3.1</ObliquitytoOrbit>
		<MeanTemperature>-110</MeanTemperature>
		<SurfacePressure>Unknown</SurfacePressure>
		<NumberofMoons>79</NumberofMoons>
		<RingSystem>Yes</RingSystem>
	</row>
	<row>
		<Planet>Saturn</Planet>
		<Color>"Golden, Brown, and Blue-Grey"</Color>
		<Mass>568</Mass>
		<Diameter>120536</Diameter>
		<Density>687</Density>
		<SurfaceGravity>9</SurfaceGravity>
		<EscapeVelocity>35.5</EscapeVelocity>
		<RotationPeriod>10.7</RotationPeriod>
		<LengthofDay>10.7</LengthofDay>
		<DistancefromSun>1432</DistancefromSun>
		<Perihelion>1357.6</Perihelion>
		<Aphelion>1506.5</Aphelion>
		<OrbitalPeriod>"10,747"</OrbitalPeriod>
		<OrbitalVelocity>9.7</OrbitalVelocity>
		<OrbitalInclination>2.5</OrbitalInclination>
		<OrbitalEccentricity>0.052</OrbitalEccentricity>
		<ObliquitytoOrbit>26.7</ObliquitytoOrbit>
		<MeanTemperature>-140</MeanTemperature>
		<SurfacePressure>Unknown</SurfacePressure>
		<NumberofMoons>82</NumberofMoons>
		<RingSystem>Yes</RingSystem>
	</row>
	<row>
		<Planet>Uranus</Planet>
		<Color>Blue-Green</Color>
		<Mass>86.8</Mass>
		<Diameter>51118</Diameter>
		<Density>1270</Density>
		<SurfaceGravity>8.7</SurfaceGravity>
		<EscapeVelocity>21.3</EscapeVelocity>
		<RotationPeriod>-17.2</RotationPeriod>
		<LengthofDay>17.2</LengthofDay>
		<DistancefromSun>2867</DistancefromSun>
		<Perihelion>2732.7</Perihelion>
		<Aphelion>3001.4</Aphelion>
		<OrbitalPeriod>"30,589"</OrbitalPeriod>
		<OrbitalVelocity>6.8</OrbitalVelocity>
		<OrbitalInclination>0.8</OrbitalInclination>
		<OrbitalEccentricity>0.047</OrbitalEccentricity>
		<ObliquitytoOrbit>97.8</ObliquitytoOrbit>
		<MeanTemperature>-195</MeanTemperature>
		<SurfacePressure>Unknown</SurfacePressure>
		<NumberofMoons>27</NumberofMoons>
		<RingSystem>Yes</RingSystem>
	</row>
	<row>
		<Planet>Neptune</Planet>
		<Color>Blue</Color>
		<Mass>102</Mass>
		<Diameter>49528</Diameter>
		<Density>1638</Density>
		<SurfaceGravity>11</SurfaceGravity>
		<EscapeVelocity>23.5</EscapeVelocity>
		<RotationPeriod>16.1</RotationPeriod>
		<LengthofDay>16.1</LengthofDay>
		<DistancefromSun>4515</DistancefromSun>
		<Perihelion>4471.1</Perihelion>
		<Aphelion>4558.9</Aphelion>
		<OrbitalPeriod>"59,800"</OrbitalPeriod>
		<OrbitalVelocity>5.4</OrbitalVelocity>
		<OrbitalInclination>1.8</OrbitalInclination>
		<OrbitalEccentricity>0.01</OrbitalEccentricity>
		<ObliquitytoOrbit>28.3</ObliquitytoOrbit>
		<MeanTemperature>-200</MeanTemperature>
		<SurfacePressure>Unknown</SurfacePressure>
		<NumberofMoons>14</NumberofMoons>
		<RingSystem>Yes</RingSystem>
	</row>
</root>