<?xml version="1.0" encoding="UTF-8"?>
<root>
	<row>
		<uri>spotify:track:02MWAaffLxlfxAUY7c5dvx</uri>
		<artistNames>Glass Animals</artistNames>
		<trackName>Heat Waves</trackName>
		<peakRank>1</peakRank>
		<weeksOnChart>65</weeksOnChart>
		<danceability>0.761</danceability>
		<energy>0.525</energy>
		<key>11</key>
		<loudness>-6.9</loudness>
		<mode>1</mode>
		<speechiness>0.0944</speechiness>
		<acousticness>0.44</acousticness>
		<instrumentalness>6.7e-06</instrumentalness>
		<liveness>0.0921</liveness>
		<tempo>80.87</tempo>
		<timeSignature>4</timeSignature>
		<durationMs>238805</durationMs>
	</row>
	<row>
		<uri>spotify:track:5PjdY0CKGZdEuoNab3yDmX</uri>
		<artistNames>"The Kid LAROI, Justin Bieber"</artistNames>
		<trackName>STAY (with Justin Bieber)</trackName>
		<peakRank>1</peakRank>
		<weeksOnChart>37</weeksOnChart>
		<danceability>0.591</danceability>
		<energy>0.764</energy>
		<key>1</key>
		<loudness>-5.484</loudness>
		<mode>1</mode>
		<speechiness>0.0483</speechiness>
		<acousticness>0.0383</acousticness>
		<instrumentalness>0.0</instrumentalness>
		<liveness>0.103</liveness>
		<tempo>169.928</tempo>
		<timeSignature>4</timeSignature>
		<durationMs>141806</durationMs>
	</row>
	<row>
		<uri>spotify:track:3IAfUEeaXRX9s9UdKOJrFI</uri>
		<artistNames>Anitta</artistNames>
		<trackName>Envolver</trackName>
		<peakRank>3</peakRank>
		<weeksOnChart>3</weeksOnChart>
		<danceability>0.812</danceability>
		<energy>0.736</energy>
		<key>4</key>
		<loudness>-5.421</loudness>
		<mode>0</mode>
		<speechiness>0.0833</speechiness>
		<acousticness>0.152</acousticness>
		<instrumentalness>0.00254</instrumentalness>
		<liveness>0.0914</liveness>
		<tempo>91.993</tempo>
		<timeSignature>4</timeSignature>
		<durationMs>193806</durationMs>
	</row>
	<row>
		<uri>spotify:track:1HhNoOuqm1a5MXYEgAFl8o</uri>
		<artistNames>"Imagine Dragons, JID, Arcane, League of Legends"</artistNames>
		<trackName>Enemy (with JID) - from the series Arcane League of Legends</trackName>
		<peakRank>3</peakRank>
		<weeksOnChart>21</weeksOnChart>
		<danceability>0.728</danceability>
		<energy>0.783</energy>
		<key>11</key>
		<loudness>-4.424</loudness>
		<mode>0</mode>
		<speechiness>0.266</speechiness>
		<acousticness>0.237</acousticness>
		<instrumentalness>0.0</instrumentalness>
		<liveness>0.434</liveness>
		<tempo>77.011</tempo>
		<timeSignature>4</timeSignature>
		<durationMs>173381</durationMs>
	</row>
	<row>
		<uri>spotify:track:4fouWK6XVHhzl78KzQ1UjL</uri>
		<artistNames>GAYLE</artistNames>
		<trackName>abcdefu</trackName>
		<peakRank>1</peakRank>
		<weeksOnChart>19</weeksOnChart>
		<danceability>0.695</danceability>
		<energy>0.54</energy>
		<key>4</key>
		<loudness>-5.692</loudness>
		<mode>1</mode>
		<speechiness>0.0493</speechiness>
		<acousticness>0.299</acousticness>
		<instrumentalness>0.0</instrumentalness>
		<liveness>0.367</liveness>
		<tempo>121.932</tempo>
		<timeSignature>4</timeSignature>
		<durationMs>168602</durationMs>
	</row>
	<row>
		<uri>spotify:track:7rglLriMNBPAyuJOMGwi39</uri>
		<artistNames>"Elton John, Dua Lipa, PNAU"</artistNames>
		<trackName>Cold Heart - PNAU Remix</trackName>
		<peakRank>4</peakRank>
		<weeksOnChart>32</weeksOnChart>
		<danceability>0.795</danceability>
		<energy>0.8</energy>
		<key>1</key>
		<loudness>-6.32</loudness>
		<mode>1</mode>
		<speechiness>0.0309</speechiness>
		<acousticness>0.0354</acousticness>
		<instrumentalness>7.25e-05</instrumentalness>
		<liveness>0.0915</liveness>
		<tempo>116.032</tempo>
		<timeSignature>4</timeSignature>
		<durationMs>202735</durationMs>
	</row>
	<row>
		<uri>spotify:track:1ri9ZUkBJVFUdgwzCnfcYs</uri>
		<artistNames>"Becky G, KAROL G"</artistNames>
		<trackName>MAMIII</trackName>
		<peakRank>5</peakRank>
		<weeksOnChart>6</weeksOnChart>
		<danceability>0.843</danceability>
		<energy>0.7</energy>
		<key>4</key>
		<loudness>-3.563</loudness>
		<mode>0</mode>
		<speechiness>0.0803</speechiness>
		<acousticness>0.0934</acousticness>
		<instrumentalness>0.0</instrumentalness>
		<liveness>0.14</liveness>
		<tempo>93.991</tempo>
		<timeSignature>4</timeSignature>
		<durationMs>226088</durationMs>
	</row>
	<row>
		<uri>spotify:track:5Z9KJZvQzH6PFmb8SNkxuk</uri>
		<artistNames>"Lil Nas X, Jack Harlow"</artistNames>
		<trackName>INDUSTRY BABY (feat. Jack Harlow)</trackName>
		<peakRank>2</peakRank>
		<weeksOnChart>35</weeksOnChart>
		<danceability>0.741</danceability>
		<energy>0.691</energy>
		<key>10</key>
		<loudness>-7.395</loudness>
		<mode>0</mode>
		<speechiness>0.0672</speechiness>
		<acousticness>0.0221</acousticness>
		<instrumentalness>0.0</instrumentalness>
		<liveness>0.0476</liveness>
		<tempo>150.087</tempo>
		<timeSignature>4</timeSignature>
		<durationMs>212353</durationMs>
	</row>
	<row>
		<uri>spotify:track:6mmPpaltUZK7xjNlBPQQ0p</uri>
		<artistNames>"Rauw Alejandro, Chencho Corleone"</artistNames>
		<trackName>Desesperados</trackName>
		<peakRank>8</peakRank>
		<weeksOnChart>15</weeksOnChart>
		<danceability>0.869</danceability>
		<energy>0.694</energy>
		<key>1</key>
		<loudness>-3.35</loudness>
		<mode>0</mode>
		<speechiness>0.0783</speechiness>
		<acousticness>0.356</acousticness>
		<instrumentalness>0.00125</instrumentalness>
		<liveness>0.0878</liveness>
		<tempo>90.02</tempo>
		<timeSignature>4</timeSignature>
		<durationMs>224997</durationMs>
	</row>
	<row>
		<uri>spotify:track:50nfwKoDiSYg8zOCREWAm5</uri>
		<artistNames>Ed Sheeran</artistNames>
		<trackName>Shivers</trackName>
		<peakRank>4</peakRank>
		<weeksOnChart>28</weeksOnChart>
		<danceability>0.788</danceability>
		<energy>0.859</energy>
		<key>2</key>
		<loudness>-2.724</loudness>
		<mode>1</mode>
		<speechiness>0.0856</speechiness>
		<acousticness>0.281</acousticness>
		<instrumentalness>0.0</instrumentalness>
		<liveness>0.0424</liveness>
		<tempo>141.02</tempo>
		<timeSignature>4</timeSignature>
		<durationMs>207853</durationMs>
	</row>
	<row>
		<uri>spotify:track:6Uj1ctrBOjOas8xZXGqKk4</uri>
		<artistNames>Doja Cat</artistNames>
		<trackName>Woman</trackName>
		<peakRank>6</peakRank>
		<weeksOnChart>37</weeksOnChart>
		<danceability>0.824</danceability>
		<energy>0.764</energy>
		<key>5</key>
		<loudness>-4.175</loudness>
		<mode>0</mode>
		<speechiness>0.0854</speechiness>
		<acousticness>0.0888</acousticness>
		<instrumentalness>0.00294</instrumentalness>
		<liveness>0.117</liveness>
		<tempo>107.998</tempo>
		<timeSignature>4</timeSignature>
		<durationMs>172627</durationMs>
	</row>
	<row>
		<uri>spotify:track:46IZ0fSY2mpAiktS3KOqds</uri>
		<artistNames>Adele</artistNames>
		<trackName>Easy On Me</trackName>
		<peakRank>1</peakRank>
		<weeksOnChart>23</weeksOnChart>
		<danceability>0.604</danceability>
		<energy>0.366</energy>
		<key>5</key>
		<loudness>-7.519</loudness>
		<mode>1</mode>
		<speechiness>0.0282</speechiness>
		<acousticness>0.578</acousticness>
		<instrumentalness>0.0</instrumentalness>
		<liveness>0.133</liveness>
		<tempo>141.981</tempo>
		<timeSignature>4</timeSignature>
		<durationMs>224695</durationMs>
	</row>
	<row>
		<uri>spotify:track:6I3mqTwhRpn34SLVafSH7G</uri>
		<artistNames>Justin Bieber</artistNames>
		<trackName>Ghost</trackName>
		<peakRank>11</peakRank>
		<weeksOnChart>27</weeksOnChart>
		<danceability>0.601</danceability>
		<energy>0.741</energy>
		<key>2</key>
		<loudness>-5.569</loudness>
		<mode>1</mode>
		<speechiness>0.0478</speechiness>
		<acousticness>0.185</acousticness>
		<instrumentalness>2.91e-05</instrumentalness>
		<liveness>0.415</liveness>
		<tempo>153.96</tempo>
		<timeSignature>4</timeSignature>
		<durationMs>153190</durationMs>
	</row>
	<row>
		<uri>spotify:track:0QBzMgT7NIeoCYy3sJCof1</uri>
		<artistNames>"Camila Cabello, Ed Sheeran"</artistNames>
		<trackName>Bam Bam (feat. Ed Sheeran)</trackName>
		<peakRank>13</peakRank>
		<weeksOnChart>3</weeksOnChart>
		<danceability>0.756</danceability>
		<energy>0.697</energy>
		<key>8</key>
		<loudness>-6.377</loudness>
		<mode>1</mode>
		<speechiness>0.0401</speechiness>
		<acousticness>0.182</acousticness>
		<instrumentalness>0.0</instrumentalness>
		<liveness>0.333</liveness>
		<tempo>94.996</tempo>
		<timeSignature>4</timeSignature>
		<durationMs>206071</durationMs>
	</row>
	<row>
		<uri>spotify:track:58HvfVOeJY7lUuCqF0m3ly</uri>
		<artistNames>Elley Duhé</artistNames>
		<trackName>MIDDLE OF THE NIGHT</trackName>
		<peakRank>14</peakRank>
		<weeksOnChart>13</weeksOnChart>
		<danceability>0.41</danceability>
		<energy>0.611</energy>
		<key>4</key>
		<loudness>-8.271</loudness>
		<mode>0</mode>
		<speechiness>0.0467</speechiness>
		<acousticness>0.0228</acousticness>
		<instrumentalness>0.0</instrumentalness>
		<liveness>0.116</liveness>
		<tempo>185.727</tempo>
		<timeSignature>3</timeSignature>
		<durationMs>184448</durationMs>
	</row>
	<row>
		<uri>spotify:track:1O2pcBJGej0pmH2Y9XZMs6</uri>
		<artistNames>Cris Mj</artistNames>
		<trackName>Una Noche en Medellín</trackName>
		<peakRank>16</peakRank>
		<weeksOnChart>4</weeksOnChart>
		<danceability>0.87</danceability>
		<energy>0.548</energy>
		<key>10</key>
		<loudness>-5.253</loudness>
		<mode>0</mode>
		<speechiness>0.077</speechiness>
		<acousticness>0.0924</acousticness>
		<instrumentalness>4.6e-05</instrumentalness>
		<liveness>0.0534</liveness>
		<tempo>96.018</tempo>
		<timeSignature>4</timeSignature>
		<durationMs>153750</durationMs>
	</row>
	<row>
		<uri>spotify:track:0e8nrvls4Qqv5Rfa2UhqmO</uri>
		<artistNames>Lil Nas X</artistNames>
		<trackName>THATS WHAT I WANT</trackName>
		<peakRank>3</peakRank>
		<weeksOnChart>27</weeksOnChart>
		<danceability>0.737</danceability>
		<energy>0.846</energy>
		<key>1</key>
		<loudness>-4.51</loudness>
		<mode>0</mode>
		<speechiness>0.22</speechiness>
		<acousticness>0.00614</acousticness>
		<instrumentalness>0.0</instrumentalness>
		<liveness>0.0486</liveness>
		<tempo>87.981</tempo>
		<timeSignature>4</timeSignature>
		<durationMs>143901</durationMs>
	</row>
	<row>
		<uri>spotify:track:3uUuGVFu1V7jTQL60S1r8z</uri>
		<artistNames>"Lost Frequencies, Calum Scott"</artistNames>
		<trackName>Where Are You Now</trackName>
		<peakRank>18</peakRank>
		<weeksOnChart>29</weeksOnChart>
		<danceability>0.671</danceability>
		<energy>0.636</energy>
		<key>6</key>
		<loudness>-8.117</loudness>
		<mode>0</mode>
		<speechiness>0.103</speechiness>
		<acousticness>0.515</acousticness>
		<instrumentalness>0.000411</instrumentalness>
		<liveness>0.172</liveness>
		<tempo>120.966</tempo>
		<timeSignature>4</timeSignature>
		<durationMs>148197</durationMs>
	</row>
	<row>
		<uri>spotify:track:59CfNbkERJ3NoTXDvoURjj</uri>
		<artistNames>Dove Cameron</artistNames>
		<trackName>Boyfriend</trackName>
		<peakRank>11</peakRank>
		<weeksOnChart>6</weeksOnChart>
		<danceability>0.345</danceability>
		<energy>0.612</energy>
		<key>7</key>
		<loudness>-6.543</loudness>
		<mode>0</mode>
		<speechiness>0.0608</speechiness>
		<acousticness>0.232</acousticness>
		<instrumentalness>0.0</instrumentalness>
		<liveness>0.194</liveness>
		<tempo>179.773</tempo>
		<timeSignature>3</timeSignature>
		<durationMs>153000</durationMs>
	</row>
	<row>
		<uri>spotify:track:3rmo8F54jFF8OgYsqTxm5d</uri>
		<artistNames>Ed Sheeran</artistNames>
		<trackName>Bad Habits</trackName>
		<peakRank>3</peakRank>
		<weeksOnChart>39</weeksOnChart>
		<danceability>0.807</danceability>
		<energy>0.893</energy>
		<key>11</key>
		<loudness>-3.745</loudness>
		<mode>0</mode>
		<speechiness>0.0347</speechiness>
		<acousticness>0.0451</acousticness>
		<instrumentalness>2.79e-05</instrumentalness>
		<liveness>0.366</liveness>
		<tempo>126.011</tempo>
		<timeSignature>4</timeSignature>
		<durationMs>230747</durationMs>
	</row>
	<row>
		<uri>spotify:track:1SOClUWhOi8vHZYMz3GluK</uri>
		<artistNames>Jaymes Young</artistNames>
		<trackName>Infinity</trackName>
		<peakRank>11</peakRank>
		<weeksOnChart>21</weeksOnChart>
		<danceability>0.671</danceability>
		<energy>0.673</energy>
		<key>11</key>
		<loudness>-6.941</loudness>
		<mode>0</mode>
		<speechiness>0.0444</speechiness>
		<acousticness>0.148</acousticness>
		<instrumentalness>5.29e-05</instrumentalness>
		<liveness>0.304</liveness>
		<tempo>121.963</tempo>
		<timeSignature>4</timeSignature>
		<durationMs>237720</durationMs>
	</row>
	<row>
		<uri>spotify:track:2B4GHvToeLTOBB4QLzW3Ni</uri>
		<artistNames>Farruko</artistNames>
		<trackName>Pepas</trackName>
		<peakRank>4</peakRank>
		<weeksOnChart>37</weeksOnChart>
		<danceability>0.762</danceability>
		<energy>0.766</energy>
		<key>7</key>
		<loudness>-3.955</loudness>
		<mode>1</mode>
		<speechiness>0.0343</speechiness>
		<acousticness>0.00776</acousticness>
		<instrumentalness>6.98e-05</instrumentalness>
		<liveness>0.128</liveness>
		<tempo>130.001</tempo>
		<timeSignature>4</timeSignature>
		<durationMs>287120</durationMs>
	</row>
	<row>
		<uri>spotify:track:18asYwWugKjjsihZ0YvRxO</uri>
		<artistNames>"Tiësto, Ava Max"</artistNames>
		<trackName>The Motto</trackName>
		<peakRank>23</peakRank>
		<weeksOnChart>20</weeksOnChart>
		<danceability>0.754</danceability>
		<energy>0.763</energy>
		<key>7</key>
		<loudness>-4.627</loudness>
		<mode>0</mode>
		<speechiness>0.0435</speechiness>
		<acousticness>0.0301</acousticness>
		<instrumentalness>2.23e-05</instrumentalness>
		<liveness>0.0901</liveness>
		<tempo>117.953</tempo>
		<timeSignature>4</timeSignature>
		<durationMs>164819</durationMs>
	</row>
	<row>
		<uri>spotify:track:4ZtFanR9U6ndgddUvNcjcG</uri>
		<artistNames>Olivia Rodrigo</artistNames>
		<trackName>good 4 u</trackName>
		<peakRank>1</peakRank>
		<weeksOnChart>45</weeksOnChart>
		<danceability>0.563</danceability>
		<energy>0.664</energy>
		<key>9</key>
		<loudness>-5.044</loudness>
		<mode>1</mode>
		<speechiness>0.154</speechiness>
		<acousticness>0.335</acousticness>
		<instrumentalness>0.0</instrumentalness>
		<liveness>0.0849</liveness>
		<tempo>166.928</tempo>
		<timeSignature>4</timeSignature>
		<durationMs>178147</durationMs>
	</row>
	<row>
		<uri>spotify:track:46HNZY1i7O6jwTA7Slo2PI</uri>
		<artistNames>"Coldplay, BTS"</artistNames>
		<trackName>My Universe</trackName>
		<peakRank>3</peakRank>
		<weeksOnChart>26</weeksOnChart>
		<danceability>0.573</danceability>
		<energy>0.711</energy>
		<key>1</key>
		<loudness>-6.268</loudness>
		<mode>0</mode>
		<speechiness>0.0406</speechiness>
		<acousticness>0.0114</acousticness>
		<instrumentalness>0.0</instrumentalness>
		<liveness>0.328</liveness>
		<tempo>105.006</tempo>
		<timeSignature>4</timeSignature>
		<durationMs>226198</durationMs>
	</row>
	<row>
		<uri>spotify:track:4SqWKzw0CbA05TGszDgMlc</uri>
		<artistNames>The Walters</artistNames>
		<trackName>I Love You So</trackName>
		<peakRank>21</peakRank>
		<weeksOnChart>24</weeksOnChart>
		<danceability>0.575</danceability>
		<energy>0.648</energy>
		<key>10</key>
		<loudness>-4.891</loudness>
		<mode>1</mode>
		<speechiness>0.0358</speechiness>
		<acousticness>0.583</acousticness>
		<instrumentalness>0.0</instrumentalness>
		<liveness>0.115</liveness>
		<tempo>75.977</tempo>
		<timeSignature>4</timeSignature>
		<durationMs>160240</durationMs>
	</row>
	<row>
		<uri>spotify:track:0VjIjW4GlUZAMYd2vXMi3b</uri>
		<artistNames>The Weeknd</artistNames>
		<trackName>Blinding Lights</trackName>
		<peakRank>1</peakRank>
		<weeksOnChart>121</weeksOnChart>
		<danceability>0.514</danceability>
		<energy>0.73</energy>
		<key>1</key>
		<loudness>-5.934</loudness>
		<mode>1</mode>
		<speechiness>0.0598</speechiness>
		<acousticness>0.00146</acousticness>
		<instrumentalness>9.54e-05</instrumentalness>
		<liveness>0.0897</liveness>
		<tempo>171.005</tempo>
		<timeSignature>4</timeSignature>
		<durationMs>200040</durationMs>
	</row>
	<row>
		<uri>spotify:track:4gzsuuZypVbxs0Af1LSZyB</uri>
		<artistNames>"Tainy, Bad Bunny, Julieta Venegas"</artistNames>
		<trackName>Lo Siento BB:/ (with Bad Bunny & Julieta Venegas)</trackName>
		<peakRank>12</peakRank>
		<weeksOnChart>25</weeksOnChart>
		<danceability>0.639</danceability>
		<energy>0.703</energy>
		<key>4</key>
		<loudness>-6.33</loudness>
		<mode>0</mode>
		<speechiness>0.0794</speechiness>
		<acousticness>0.0889</acousticness>
		<instrumentalness>1.78e-06</instrumentalness>
		<liveness>0.0865</liveness>
		<tempo>169.888</tempo>
		<timeSignature>4</timeSignature>
		<durationMs>207301</durationMs>
	</row>
	<row>
		<uri>spotify:track:7mFj0LlWtEJaEigguaWqYh</uri>
		<artistNames>"Megan Thee Stallion, Dua Lipa"</artistNames>
		<trackName>Sweetest Pie</trackName>
		<peakRank>17</peakRank>
		<weeksOnChart>2</weeksOnChart>
		<danceability>0.814</danceability>
		<energy>0.628</energy>
		<key>7</key>
		<loudness>-7.178</loudness>
		<mode>1</mode>
		<speechiness>0.221</speechiness>
		<acousticness>0.167</acousticness>
		<instrumentalness>0.0</instrumentalness>
		<liveness>0.101</liveness>
		<tempo>123.977</tempo>
		<timeSignature>4</timeSignature>
		<durationMs>201334</durationMs>
	</row>
	<row>
		<uri>spotify:track:2WL6GQzPuK9Nrpy9XwNEbz</uri>
		<artistNames>Nirvana</artistNames>
		<trackName>Something In The Way</trackName>
		<peakRank>19</peakRank>
		<weeksOnChart>3</weeksOnChart>
		<danceability>0.426</danceability>
		<energy>0.225</energy>
		<key>8</key>
		<loudness>-12.422</loudness>
		<mode>1</mode>
		<speechiness>0.0291</speechiness>
		<acousticness>0.823</acousticness>
		<instrumentalness>0.367</instrumentalness>
		<liveness>0.11</liveness>
		<tempo>104.506</tempo>
		<timeSignature>4</timeSignature>
		<durationMs>232204</durationMs>
	</row>
	<row>
		<uri>spotify:track:7jtQIBanIiJOMS6RyCx6jZ</uri>
		<artistNames>Tom Odell</artistNames>
		<trackName>Another Love</trackName>
		<peakRank>31</peakRank>
		<weeksOnChart>50</weeksOnChart>
		<danceability>0.442</danceability>
		<energy>0.538</energy>
		<key>4</key>
		<loudness>-8.55</loudness>
		<mode>0</mode>
		<speechiness>0.0451</speechiness>
		<acousticness>0.717</acousticness>
		<instrumentalness>2.95e-05</instrumentalness>
		<liveness>0.09</liveness>
		<tempo>122.758</tempo>
		<timeSignature>4</timeSignature>
		<durationMs>244360</durationMs>
	</row>
	<row>
		<uri>spotify:track:20on25jryn53hWghthWWW3</uri>
		<artistNames>"ACRAZE, Cherish"</artistNames>
		<trackName>Do It To It</trackName>
		<peakRank>9</peakRank>
		<weeksOnChart>21</weeksOnChart>
		<danceability>0.854</danceability>
		<energy>0.806</energy>
		<key>11</key>
		<loudness>-8.262</loudness>
		<mode>0</mode>
		<speechiness>0.0886</speechiness>
		<acousticness>0.0209</acousticness>
		<instrumentalness>0.0542</instrumentalness>
		<liveness>0.0703</liveness>
		<tempo>124.927</tempo>
		<timeSignature>4</timeSignature>
		<durationMs>157890</durationMs>
	</row>
	<row>
		<uri>spotify:track:2QjOHCTQ1Jl3zawyYOpxh6</uri>
		<artistNames>The Neighbourhood</artistNames>
		<trackName>Sweater Weather</trackName>
		<peakRank>29</peakRank>
		<weeksOnChart>82</weeksOnChart>
		<danceability>0.612</danceability>
		<energy>0.807</energy>
		<key>10</key>
		<loudness>-2.81</loudness>
		<mode>1</mode>
		<speechiness>0.0336</speechiness>
		<acousticness>0.0495</acousticness>
		<instrumentalness>0.0177</instrumentalness>
		<liveness>0.101</liveness>
		<tempo>124.053</tempo>
		<timeSignature>4</timeSignature>
		<durationMs>240400</durationMs>
	</row>
	<row>
		<uri>spotify:track:2JPLbjOn0wPCngEot2STUS</uri>
		<artistNames>Bad Bunny</artistNames>
		<trackName>Yonaguni</trackName>
		<peakRank>3</peakRank>
		<weeksOnChart>42</weeksOnChart>
		<danceability>0.644</danceability>
		<energy>0.648</energy>
		<key>1</key>
		<loudness>-4.601</loudness>
		<mode>1</mode>
		<speechiness>0.118</speechiness>
		<acousticness>0.276</acousticness>
		<instrumentalness>0.0</instrumentalness>
		<liveness>0.135</liveness>
		<tempo>179.951</tempo>
		<timeSignature>4</timeSignature>
		<durationMs>206710</durationMs>
	</row>
	<row>
		<uri>spotify:track:3Vi5XqYrmQgOYBajMWSvCi</uri>
		<artistNames>Doja Cat</artistNames>
		<trackName>Need to Know</trackName>
		<peakRank>6</peakRank>
		<weeksOnChart>41</weeksOnChart>
		<danceability>0.664</danceability>
		<energy>0.609</energy>
		<key>1</key>
		<loudness>-6.509</loudness>
		<mode>1</mode>
		<speechiness>0.0707</speechiness>
		<acousticness>0.304</acousticness>
		<instrumentalness>0.0</instrumentalness>
		<liveness>0.0926</liveness>
		<tempo>130.041</tempo>
		<timeSignature>4</timeSignature>
		<durationMs>210560</durationMs>
	</row>
	<row>
		<uri>spotify:track:2eAvDnpXP5W0cVtiI0PUxV</uri>
		<artistNames>Ruth B.</artistNames>
		<trackName>Dandelions</trackName>
		<peakRank>35</peakRank>
		<weeksOnChart>32</weeksOnChart>
		<danceability>0.609</danceability>
		<energy>0.692</energy>
		<key>1</key>
		<loudness>-2.958</loudness>
		<mode>1</mode>
		<speechiness>0.0259</speechiness>
		<acousticness>0.0157</acousticness>
		<instrumentalness>0.0</instrumentalness>
		<liveness>0.0864</liveness>
		<tempo>116.959</tempo>
		<timeSignature>3</timeSignature>
		<durationMs>233720</durationMs>
	</row>
	<row>
		<uri>spotify:track:52xJxFP6TqMuO4Yt0eOkMz</uri>
		<artistNames>"Carolina Gaitán - La Gaita, Mauro Castillo, Adassa, Rhenzy Feliz, Diane Guerrero, Stephanie Beatriz, Encanto - Cast"</artistNames>
		<trackName>We Don't Talk About Bruno</trackName>
		<peakRank>8</peakRank>
		<weeksOnChart>13</weeksOnChart>
		<danceability>0.577</danceability>
		<energy>0.45</energy>
		<key>0</key>
		<loudness>-8.516</loudness>
		<mode>0</mode>
		<speechiness>0.0834</speechiness>
		<acousticness>0.357</acousticness>
		<instrumentalness>0.0</instrumentalness>
		<liveness>0.111</liveness>
		<tempo>205.863</tempo>
		<timeSignature>4</timeSignature>
		<durationMs>216120</durationMs>
	</row>
	<row>
		<uri>spotify:track:3DarAbFujv6eYNliUTyqtz</uri>
		<artistNames>"Doja Cat, SZA"</artistNames>
		<trackName>Kiss Me More (feat. SZA)</trackName>
		<peakRank>3</peakRank>
		<weeksOnChart>50</weeksOnChart>
		<danceability>0.764</danceability>
		<energy>0.705</energy>
		<key>8</key>
		<loudness>-3.463</loudness>
		<mode>1</mode>
		<speechiness>0.0284</speechiness>
		<acousticness>0.259</acousticness>
		<instrumentalness>8.92e-05</instrumentalness>
		<liveness>0.12</liveness>
		<tempo>110.97</tempo>
		<timeSignature>4</timeSignature>
		<durationMs>208667</durationMs>
	</row>
	<row>
		<uri>spotify:track:7BDHDiidJ8WV349p3HTxTV</uri>
		<artistNames>Stray Kids</artistNames>
		<trackName>MANIAC</trackName>
		<peakRank>39</peakRank>
		<weeksOnChart>1</weeksOnChart>
		<danceability>0.744</danceability>
		<energy>0.8</energy>
		<key>1</key>
		<loudness>-2.63</loudness>
		<mode>1</mode>
		<speechiness>0.266</speechiness>
		<acousticness>0.181</acousticness>
		<instrumentalness>0.0</instrumentalness>
		<liveness>0.0746</liveness>
		<tempo>8</tempo>
	</row>
</root>