<?xml version="1.0" encoding="UTF-8"?>
<root>
    <row>
        <planet>Mercury</planet>
        <color>Grey</color>
        <mass>0.33</mass>
        <diameter>4879</diameter>
        <density>5429</density>
        <surfaceGravity>3.7</surfaceGravity>
        <escapeVelocity>4.3</escapeVelocity>
        <rotationPeriod>1407.6</rotationPeriod>
        <lengthOfDay>4222.6</lengthOfDay>
        <distanceFromSun>57.9</distanceFromSun>
        <perihelion>46</perihelion>
        <aphelion>69.8</aphelion>
        <orbitalPeriod>88</orbitalPeriod>
        <orbitalVelocity>47.4</orbitalVelocity>
        <orbitalInclination>7</orbitalInclination>
        <orbitalEccentricity>0.206</orbitalEccentricity>
        <obliquityToOrbit>0.034</obliquityToOrbit>
        <meanTemperature>167</meanTemperature>
        <surfacePressure>0</surfacePressure>
        <numberOfMoons>0</numberOfMoons>
        <ringSystem>No</ringSystem>
        <globalMagneticField>Yes</globalMagneticField>
    </row>
    <row>
        <planet>Venus</planet>
        <color>Brown and Grey</color>
        <mass>4.87</mass>
        <diameter>12104</diameter>
        <density>5243</density>
        <surfaceGravity>8.9</surfaceGravity>
        <escapeVelocity>10.4</escapeVelocity>
        <rotationPeriod>-5832.5</rotationPeriod>
        <lengthOfDay>2802</lengthOfDay>
        <distanceFromSun>108.2</distanceFromSun>
        <perihelion>107.5</perihelion>
        <aphelion>108.9</aphelion>
        <orbitalPeriod>224.7</orbitalPeriod>
        <orbitalVelocity>35</orbitalVelocity>
        <orbitalInclination>3.4</orbitalInclination>
        <orbitalEccentricity>0.007</orbitalEccentricity>
        <obliquityToOrbit>177.4</obliquityToOrbit>
        <meanTemperature>464</meanTemperature>
        <surfacePressure>92</surfacePressure>
        <numberOfMoons>0</numberOfMoons>
        <ringSystem>No</ringSystem>
        <globalMagneticField>No</globalMagneticField>
    </row>
    <row>
        <planet>Earth</planet>
        <color>"Blue, Brown Green and White"</color>
        <mass>5.97</mass>
        <diameter>12756</diameter>
        <density>5514</density>
        <surfaceGravity>9.8</surfaceGravity>
        <escapeVelocity>11.2</escapeVelocity>
        <rotationPeriod>23.9</rotationPeriod>
        <lengthOfDay>24</lengthOfDay>
        <distanceFromSun>149.6</distanceFromSun>
        <perihelion>147.1</perihelion>
        <aphelion>152.1</aphelion>
        <orbitalPeriod>365.2</orbitalPeriod>
        <orbitalVelocity>29.8</orbitalVelocity>
        <orbitalInclination>0</orbitalInclination>
        <orbitalEccentricity>0.017</orbitalEccentricity>
        <obliquityToOrbit>23.4</obliquityToOrbit>
        <meanTemperature>15</meanTemperature>
        <surfacePressure>1</surfacePressure>
        <numberOfMoons>1</numberOfMoons>
        <ringSystem>No</ringSystem>
        <globalMagneticField>Yes</globalMagneticField>
    </row>
    <row>
        <planet>Mars</planet>
        <color>"Red, Brown and Tan"</color>
        <mass>0.642</mass>
        <diameter>6792</diameter>
        <density>3934</density>
        <surfaceGravity>3.7</surfaceGravity>
        <escapeVelocity>5</escapeVelocity>
        <rotationPeriod>24.6</rotationPeriod>
        <lengthOfDay>24.7</lengthOfDay>
        <distanceFromSun>228</distanceFromSun>
        <perihelion>206.7</perihelion>
        <aphelion>249.3</aphelion>
        <orbitalPeriod>687</orbitalPeriod>
        <orbitalVelocity>24.1</orbitalVelocity>
        <orbitalInclination>1.8</orbitalInclination>
        <orbitalEccentricity>0.094</orbitalEccentricity>
        <obliquityToOrbit>25.2</obliquityToOrbit>
        <meanTemperature>-65</meanTemperature>
        <surfacePressure>0.01</surfacePressure>
        <numberOfMoons>2</numberOfMoons>
        <ringSystem>No</ringSystem>
        <globalMagneticField>No</globalMagneticField>
    </row>
    <row>
        <planet>Jupiter</planet>
        <color>"Brown, Orange and Tan, with White cloud stripes"</color>
        <mass>1898</mass>
        <diameter>142984</diameter>
        <density>1326</density>
        <surfaceGravity>23.1</surfaceGravity>
        <escapeVelocity>59.5</escapeVelocity>
        <rotationPeriod>9.9</rotationPeriod>
        <lengthOfDay>9.9</lengthOfDay>
        <distanceFromSun>778.5</distanceFromSun>
        <perihelion>740.6</perihelion>
        <aphelion>816.4</aphelion>
        <orbitalPeriod>4331</orbitalPeriod>
        <orbitalVelocity>13.1</orbitalVelocity>
        <orbitalInclination>1.3</orbitalInclination>
        <orbitalEccentricity>0.049</orbitalEccentricity>
        <obliquityToOrbit>3.1</obliquityToOrbit>
        <meanTemperature>-110</meanTemperature>
        <surfacePressure>Unknown</surfacePressure>
        <numberOfMoons>79</numberOfMoons>
        <ringSystem>Yes</ringSystem>
        <globalMagneticField>Yes</globalMagneticField>
    </row>
    <row>
        <planet>Saturn</planet>
        <color>"Golden, Brown, and Blue-Grey"</color>
        <mass>568</mass>
        <diameter>120536</diameter>
        <density>687</density>
        <surfaceGravity>9</surfaceGravity>
        <escapeVelocity>35.5</escapeVelocity>
        <rotationPeriod>10.7</rotationPeriod>
        <lengthOfDay>10.7</lengthOfDay>
        <distanceFromSun>1432</distanceFromSun>
        <perihelion>1357.6</perihelion>
        <aphelion>1506.5</aphelion>
        <orbitalPeriod>"10,747"</orbitalPeriod>
        <orbitalVelocity>9.7</orbitalVelocity>
        <orbitalInclination>2.5</orbitalInclination>
        <orbitalEccentricity>0.052</orbitalEccentricity>
        <obliquityToOrbit>26.7</obliquityToOrbit>
        <meanTemperature>-140</meanTemperature>
        <surfacePressure>Unknown</surfacePressure>
        <numberOfMoons>82</numberOfMoons>
        <ringSystem>Yes</ringSystem>
        <globalMagneticField>Yes</globalMagneticField>
    </row>
    <row>
        <planet>Uranus</planet>
        <color>Blue-Green</color>
        <mass>86.8</mass>
        <diameter>51118</diameter>
        <density>1270</density>
        <surfaceGravity>8.7</surfaceGravity>
        <escapeVelocity>21.3</escapeVelocity>
        <rotationPeriod>-17.2</rotationPeriod>
        <lengthOfDay>17.2</lengthOfDay>
        <distanceFromSun>2867</distanceFromSun>
        <perihelion>2732.7</perihelion>
        <aphelion>3001.4</aphelion>
        <orbitalPeriod>"30,589"</orbitalPeriod>
        <orbitalVelocity>6.8</orbitalVelocity>
        <orbitalInclination>0.8</orbitalInclination>
        <orbitalEccentricity>0.047</orbitalEccentricity>
        <obliquityToOrbit>97.8</obliquityToOrbit>
        <meanTemperature>-195</meanTemperature>
        <surfacePressure>Unknown</surfacePressure>
        <numberOfMoons>27</numberOfMoons>
        <ringSystem>Yes</ringSystem>
        <globalMagneticField>Yes</globalMagneticField>
    </row>
    <row>
        <planet>Neptune</planet>
        <color>Blue</color>
        <mass>102</mass>
        <diameter>49528</diameter>
        <density>1638</density>
        <surfaceGravity>11</surfaceGravity>
        <escapeVelocity>23.5</escapeVelocity>
        <rotationPeriod>16.1</rotationPeriod>
        <lengthOfDay>16.1</lengthOfDay>
        <distanceFromSun>4515</distanceFromSun>
        <perihelion>4471.1</perihelion>
        <aphelion>4558.9</aphelion>
        <orbitalPeriod>"59,800"</orbitalPeriod>
        <orbitalVelocity>5.4</orbitalVelocity>
        <orbitalInclination>1.8</orbitalInclination>
        <orbitalEccentricity>0.01</orbitalEccentricity>
        <obliquityToOrbit>28.3</obliquityToOrbit>
        <meanTemperature>-200</meanTemperature>
        <surfacePressure>Unknown</surfacePressure>
        <numberOfMoons>14</numberOfMoons>
        <ringSystem>Yes</ringSystem>
        <globalMagneticField>Yes</globalMagneticField>
    </row>
</root>